{
  "format_version": "1.12",
  "minecraft:recipe_shaped": {
    "description": {
      "identifier": "enchanted_sandwhich_11eafc90"
    },
    "tags": [
      "crafting_table"
    ],
    "pattern": [
      "AB ",
      "CC "
    ],
    "key": {
      "A": {
        "item": "toon:nutty_butter",
        "data": 0
      },
      "B": {
        "item": "toon:enchanted_jelly",
        "data": 0
      },
      "C": {
        "item": "minecraft:bread",
        "data": 0
      }
    },
    "result": {
      "item": "toon:enchanted_sandwhich",
      "count": 1
    }
  }
}