{
  "format_version": "1.12",
  "minecraft:recipe_shaped": {
    "description": {
      "identifier": "tripplegooberberrysunrise_dd524e08"
    },
    "tags": [
      "crafting_table"
    ],
    "pattern": [
      "ABA",
      "CDC",
      "EFE"
    ],
    "key": {
      "A": {
        "item": "minecraft:apple",
        "data": 0
      },
      "B": {
        "item": "minecraft:dye",
        "data": 3
      },
      "C": {
        "item": "minecraft:sweet_berries",
        "data": 0
      },
      "D": {
        "item": "minecraft:snowball",
        "data": 0
      },
      "E": {
        "item": "minecraft:sugar",
        "data": 0
      },
      "F": {
        "item": "minecraft:bowl",
        "data": 0
      }
    },
    "result": {
      "item": "toon:tripplegooberberrysunrise",
      "count": 1
    }
  }
}