{
  "format_version": "1.12",
  "minecraft:recipe_shaped": {
    "description": {
      "identifier": "garyfood_792d3dea"
    },
    "tags": [
      "crafting_table"
    ],
    "pattern": [
      "ABC",
      "DEF",
      " G "
    ],
    "key": {
      "A": {
        "item": "minecraft:apple",
        "data": 0
      },
      "B": {
        "item": "minecraft:carrot",
        "data": 0
      },
      "C": {
        "item": "toon:pineapple",
        "data": 0
      },
      "D": {
        "item": "minecraft:beetroot",
        "data": 0
      },
      "E": {
        "item": "minecraft:wheat",
        "data": 0
      },
      "F": {
        "item": "minecraft:kelp",
        "data": 0
      },
      "G": {
        "item": "minecraft:bowl",
        "data": 0
      }
    },
    "result": {
      "item": "toon:garyfood",
      "count": 1
    }
  }
}