{
  "format_version": "1.8.0",
  "minecraft:entity": {
    "description": {
      "identifier": "toon:bubble",
      "is_spawnable": true,
      "is_summonable": true,
      "is_experimental": false
    },
    "component_groups": {},
    "components": {
      "minecraft:type_family": {
        "family": [
          "bat"
        ]
      },
      "minecraft:breathable": {
        "totalSupply": 90000,
        "breathesWater": true,
        "generatesBubbles": false,
        "breathesAir": true,
        "suffocateTime": -1
      },
      "minecraft:collision_box": {
        "width": 0.5,
        "height": 0.9
      },
      "minecraft:fall_damage": {
        "value": 0.0
      },
      "minecraft:movement": {
        "value": 0.1
      },
      "minecraft:navigation.float": {
        "can_path_over_water": true,
        "can_float": true
      },
      "minecraft:movement.basic": {},
      "minecraft:jump.static": {},
      "minecraft:behavior.float_wander": {
        "must_reach": true,
        "priority": 2
      },
      "minecraft:can_fly": {},
      "minecraft:health": {
        "value": 1,
        "max": 1
      },
      "minecraft:nameable": {
        "alwaysShow": false,
        "allowNameTagRenaming": false
      },
      "minecraft:physics": {},
      "minecraft:behavior.player_ride_tamed": {
        "speed_multiplier": 0
      },
      "minecraft:scale": {
        "value": 1
      },
      "minecraft:experience_reward": {
        "on_death": "query.last_hit_by_player ? 10 : 0"
      },
      "minecraft:rideable": {
        "seat_count": 1,
        "family_types": [
          "player",
          "zombie"
        ],
        "interact_text": "action.interact.mount",
        "seats": {
          "position": [
            0.0,
            0.6,
            -0.2
          ]
        }
      },
      "minecraft:behavior.panic": {
        "speed_multiplier": 1.25
      },
      "minecraft:input_ground_controlled": {},
      "minecraft:is_saddled": {}
    },
    "events": {}
  }
}