{
  "format_version": "1.8.0",
  "minecraft:client_entity": {
    "description": {
      "identifier": "toon:bubble",
      "materials": {
        "default": "bat"
      },
      "textures": {
        "default": "textures/entity/pamobile/toon_bubble"
      },
      "geometry": {
        "default": "geometry.toon_bubble"
      },
      "scripts": {
        "scale": "0.35"
      },
      "animations": {
        "resting": "animation.bat.resting",
        "flying": "animation.bat.flying"
      },
      "animation_controllers": [
        {
          "move": "controller.animation.bat.move"
        }
      ],
      "render_controllers": [
        "controller.render.bat"
      ],
      "spawn_egg": {
        "texture": "toon:bubble",
        "texture_index": 0
      }
    }
  }
}