{
  "format_version": "1.10.0",
  "minecraft:client_entity": {
    "description": {
      "identifier": "toon:agresivejellyfish",
      "materials": {
        "default": "bee"
      },
      "textures": {
        "default": "textures/entity/pamobile/toon_agresivejellyfish",
        "angry": "textures/entity/pamobile/toon_agresivejellyfish",
        "nectar": "textures/entity/pamobile/toon_agresivejellyfish",
        "angry_nectar": "textures/entity/pamobile/toon_agresivejellyfish"
      },
      "geometry": {
        "default": "geometry.toon_agresivejellyfish"
      },
      "animations": {
        "flying": "animation.bee.flying",
        "drip": "controller.animation.bee.drip",
        "controller_bee_sting": "controller.animation.bee.sting",
        "bee_sting": "animation.bee.sting",
        "bee_no_stinger": "animation.bee.no_stinger",
        "bee_fly_bobbing": "animation.bee.fly.bobbing",
        "bee_root_controller": "controller.animation.bee.root"
      },
      "particle_effects": {
        "nectar_dripping": "minecraft:nectar_drip_particle"
      },
      "scripts": {
        "animate": [
          "bee_root_controller",
          {
            "bee_no_stinger": "query.mark_variant == 1"
          }
        ]
      },
      "render_controllers": [
        "controller.render.bee"
      ],
      "spawn_egg": {
        "texture": "toon:agresivejellyfish",
        "texture_index": 0
      }
    }
  }
}