{
  "format_version": "1.8.0",
  "minecraft:client_entity": {
    "description": {
      "identifier": "toon:jellywater",
      "materials": {
        "default": "cod"
      },
      "textures": {
        "default": "textures/entity/pamobile/toon_jellywater"
      },
      "geometry": {
        "default": "geometry.toon_jellywater"
      },
      "scripts": {
        "pre_animation": [
          "variable.ZRot = !query.is_in_water ? Math.cos((query.time_stamp + query.frame_alpha) * 14.32) * 90 : 0.0;",
          "variable.AnimationAmountBlend = Math.lerp(variable.AnimationAmountPrev, variable.AnimationAmount, query.frame_alpha);"
        ]
      },
      "animations": {
        "flop": "animation.cod.flop",
        "swim": "animation.cod.swim"
      },
      "animation_controllers": [
        {
          "general": "controller.animation.fish.general"
        }
      ],
      "render_controllers": [
        "controller.render.cod"
      ],
      "spawn_egg": {
        "texture": "toon:jellywater",
        "texture_index": 0
      }
    }
  }
}