{
  "resource_pack_name": "Addon Maker Resource",
  "texture_name": "atlas.items",
  "texture_data": {
    "egg_camel": {
      "textures": "textures/items/egg_camel"
    },
    "egg_lion": {
      "textures": "textures/items/egg_lion"
    },
    "egg_penguin": {
      "textures": "textures/items/egg_penguin"
    },
    "egg_tiger": {
      "textures": "textures/items/egg_tiger"
    },
    "egg_elephant": {
      "textures": "textures/items/egg_elephant"
    },
    "egg_deer": {
      "textures": "textures/items/egg_deer"
    },
    "egg_panther": {
      "textures": "textures/items/egg_panther"
    },
    "egg_frog": {
      "textures": "textures/items/egg_frog"
    },
    "egg_crocodile": {
      "textures": "textures/items/egg_crocodile"
    },
    "egg_mouse": {
      "textures": "textures/items/egg_mouse"
    },
    "gallardo": {
      "textures": "textures/items/gallardo"
    },
    "bench": {
      "textures": "textures/items/bench"
    },
    "christmas_tree": {
      "textures": "textures/items/christmas_tree"
    },
    "tivi": {
      "textures": "textures/items/tivi"
    },
    "closet": {
      "textures": "textures/items/closet"
    },
    "laptop": {
      "textures": "textures/items/laptop"
    },
    "piano": {
      "textures": "textures/items/piano"
    },
    "armchairs": {
      "textures": "textures/items/armchairs"
    },
    "chair": {
      "textures": "textures/items/chair"
    },
    "big_table": {
      "textures": "textures/items/big_table"
    },
    "small_table": {
      "textures": "textures/items/small_table"
    },
    "drone": {
      "textures": "textures/items/drone"
    },
    "colorful_gifts": {
      "textures": "textures/items/colorful_gifts"
    },
    "toon:acorn": {
      "textures": "textures/items/pamobile/toon_acorn"
    },
    "toon:jellyfish": {
      "textures": "textures/items/pamobile/toon_jellyfish"
    },
    "toon:formula": {
      "textures": "textures/items/pamobile/toon_formula"
    },
    "toon:jelly": {
      "textures": "textures/items/pamobile/toon_jelly"
    },
    "toon:goldenspatula": {
      "textures": "textures/items/pamobile/toon_goldenspatula"
    },
    "toon:tripplegooberberrysunrise": {
      "textures": "textures/items/pamobile/toon_tripplegooberberrysunrise"
    },
    "toon:money": {
      "textures": "textures/items/pamobile/toon_money"
    },
    "toon:krabbypatty": {
      "textures": "textures/items/pamobile/toon_krabbypatty"
    },
    "toon:pineapple": {
      "textures": "textures/items/pamobile/toon_pineapple"
    },
    "toon:nutty_butter": {
      "textures": "textures/items/pamobile/toon_nutty_butter"
    },
    "toon:spongebob_item": {
      "textures": "textures/items/pamobile/toon_spongebob_item"
    },
    "toon:cent": {
      "textures": "textures/items/pamobile/toon_cent"
    },
    "toon:patty": {
      "textures": "textures/items/pamobile/toon_patty"
    },
    "toon:sandwhich": {
      "textures": "textures/items/pamobile/toon_sandwhich"
    },
    "toon:kelp_soda": {
      "textures": "textures/items/pamobile/toon_kelp_soda"
    },
    "toon:kelp_fries": {
      "textures": "textures/items/pamobile/toon_kelp_fries"
    },
    "toon:garyfood": {
      "textures": "textures/items/pamobile/toon_garyfood"
    },
    "toon:bluejelly_fish": {
      "textures": "textures/items/pamobile/toon_bluejelly_fish"
    },
    "toon:jellynet": {
      "textures": "textures/items/pamobile/toon_jellynet"
    },
    "toon:enchanted_sandwhich": {
      "textures": "textures/items/pamobile/toon_enchanted_sandwhich"
    },
    "toon:jellypatty": {
      "textures": "textures/items/pamobile/toon_jellypatty"
    },
    "toon:enchanted_jelly": {
      "textures": "textures/items/pamobile/toon_enchanted_jelly"
    },
    "toon:jellyfishnet": {
      "textures": "textures/items/pamobile/toon_jellyfishnet"
    },
    "toon:bubblestick": {
      "textures": "textures/items/pamobile/toon_bubblestick"
    },
    "toon:spatula": {
      "textures": "textures/items/pamobile/toon_spatula"
    },
    "toon:jellywater": {
      "textures": "textures/items/pamobile/toon_jellywater"
    },
    "toon:figure_spongebob": {
      "textures": "textures/items/pamobile/toon_figure_spongebob"
    },
    "toon:figurepatrick": {
      "textures": "textures/items/pamobile/toon_figurepatrick"
    },
    "toon:bubble": {
      "textures": "textures/items/pamobile/toon_bubble"
    },
    "toon:figuresquidward": {
      "textures": "textures/items/pamobile/toon_figuresquidward"
    },
    "toon:jellyair": {
      "textures": "textures/items/pamobile/toon_jellyair"
    },
    "toon:jellyairblue": {
      "textures": "textures/items/pamobile/toon_jellyairblue"
    },
    "toon:agresivejellyfish": {
      "textures": "textures/items/pamobile/toon_agresivejellyfish"
    },
    "toon:sandy": {
      "textures": "textures/items/pamobile/toon_sandy"
    },
    "toon:doodlebob": {
      "textures": "textures/items/pamobile/toon_doodlebob"
    },
    "toon:spongebob": {
      "textures": "textures/items/pamobile/toon_spongebob"
    },
    "toon:patrick": {
      "textures": "textures/items/pamobile/toon_patrick"
    },
    "toon:squidward": {
      "textures": "textures/items/pamobile/toon_squidward"
    },
    "toon:plankton": {
      "textures": "textures/items/pamobile/toon_plankton"
    },
    "toon:mrkrabs": {
      "textures": "textures/items/pamobile/toon_mrkrabs"
    },
    "toon:gary": {
      "textures": "textures/items/pamobile/toon_gary"
    },
    "toon:mrspuff": {
      "textures": "textures/items/pamobile/toon_mrspuff"
    },
    "toon:pearl": {
      "textures": "textures/items/pamobile/toon_pearl"
    },
    "toon:wormy": {
      "textures": "textures/items/pamobile/toon_wormy"
    },
    "toon:sandybikini": {
      "textures": "textures/items/pamobile/toon_sandybikini"
    },
    "toon:karatespongebob": {
      "textures": "textures/items/pamobile/toon_karatespongebob"
    },
    "toon:robotspongebob": {
      "textures": "textures/items/pamobile/toon_robotspongebob"
    },
    "toon:bubble_stick": {
      "textures": "textures/items/pamobile/toon_bubble_stick"
    },
    "toon:bubblebuddy": {
      "textures": "textures/items/pamobile/toon_bubblebuddy"
    },
    "toon:karen": {
      "textures": "textures/items/pamobile/toon_karen"
    }
  }
}