{
  "resource_pack_name": "vanilla",
  "texture_name": "atlas.terrain",
  "padding": 8,
  "num_mip_levels": 4,
  "texture_data": {
    "toon_coralgrass_up": {
      "textures": [
        "textures/blocks/toon_coralgrass_up"
      ]
    },
    "toon_sand_grass_up": {
      "textures": [
        "textures/blocks/toon_sand_grass_up"
      ]
    },
    "toon_block_pineapple": {
      "textures": [
        "textures/blocks/toon_block_pineapple"
      ]
    },
    "toon_tikistone": {
      "textures": [
        "textures/blocks/toon_tikistone"
      ]
    },
    "toon_sand_grass_down": {
      "textures": [
        "textures/blocks/toon_sand_grass_down"
      ]
    },
    "toon_coralgrass_down": {
      "textures": [
        "textures/blocks/toon_coralgrass_down"
      ]
    },
    "toon_coral_stone": {
      "textures": [
        "textures/blocks/toon_coral_stone"
      ]
    },
    "toon_coralgrass_side": {
      "textures": [
        "textures/blocks/toon_coralgrass_side"
      ]
    },
    "toon_sand_grass_side": {
      "textures": [
        "textures/blocks/toon_sand_grass_side"
      ]
    }
  }
}