{
  "id": "1608174647360",
  "name": "Sandy Cheeks",
  "pools": [
    {
      "rolls": 5,
      "entries": [
        {
          "type": "item",
          "weight": 1,
          "name": "toon:nutty_butter",
          "functions": [
            {
              "function": "set_count",
              "count": {
                "min": 1,
                "max": 1
              }
            }
          ]
        },
        {
          "type": "item",
          "weight": 1,
          "name": "toon:acorn",
          "functions": [
            {
              "function": "set_count",
              "count": {
                "min": 1,
                "max": 1
              }
            }
          ]
        },
        {
          "type": "item",
          "weight": 1,
          "name": "minecraft:appleenchanted",
          "functions": [
            {
              "function": "set_count",
              "count": {
                "min": 1,
                "max": 1
              }
            }
          ]
        },
        {
          "type": "item",
          "weight": 1,
          "name": "minecraft:diamond",
          "functions": [
            {
              "function": "set_count",
              "count": {
                "min": 1,
                "max": 1
              }
            }
          ]
        },
        {
          "type": "item",
          "weight": 1,
          "name": "minecraft:glass",
          "functions": [
            {
              "function": "set_count",
              "count": {
                "min": 1,
                "max": 1
              }
            }
          ]
        }
      ]
    }
  ]
}