{
  "mob.toon_sandy.idle": {
    "category": "neutral",
    "sounds": [
      "sounds/mob/toon_sandy/idle"
    ]
  },
  "mob.toon_sandy.death": {
    "category": "neutral",
    "sounds": [
      "sounds/mob/toon_sandy/death"
    ]
  },
  "mob.toon_spongebob.idle": {
    "category": "neutral",
    "sounds": [
      "sounds/mob/toon_spongebob/idle"
    ]
  },
  "mob.toon_sandy.hit": {
    "category": "neutral",
    "sounds": [
      "sounds/mob/toon_sandy/hit"
    ]
  },
  "mob.toon_spongebob.death": {
    "category": "neutral",
    "sounds": [
      "sounds/mob/toon_spongebob/death"
    ]
  },
  "mob.toon_spongebob.haggle": {
    "category": "neutral",
    "sounds": [
      "sounds/mob/toon_spongebob/haggle"
    ]
  },
  "mob.toon_spongebob.yes": {
    "category": "neutral",
    "sounds": [
      "sounds/mob/toon_spongebob/yes"
    ]
  },
  "mob.toon_spongebob.hit": {
    "category": "neutral",
    "sounds": [
      "sounds/mob/toon_spongebob/hit"
    ]
  },
  "mob.toon_squidward.death": {
    "category": "neutral",
    "sounds": [
      "sounds/mob/toon_squidward/death"
    ]
  },
  "mob.toon_squidward.idle": {
    "category": "neutral",
    "sounds": [
      "sounds/mob/toon_squidward/idle"
    ]
  },
  "mob.toon_squidward.hit": {
    "category": "neutral",
    "sounds": [
      "sounds/mob/toon_squidward/hit"
    ]
  },
  "mob.toon_patrick.death": {
    "category": "neutral",
    "sounds": [
      "sounds/mob/toon_patrick/death"
    ]
  },
  "mob.toon_patrick.haggle": {
    "category": "neutral",
    "sounds": [
      "sounds/mob/toon_patrick/haggle"
    ]
  },
  "mob.toon_patrick.hit": {
    "category": "neutral",
    "sounds": [
      "sounds/mob/toon_patrick/hit"
    ]
  },
  "mob.toon_patrick.yes": {
    "category": "neutral",
    "sounds": [
      "sounds/mob/toon_patrick/yes"
    ]
  },
  "mob.toon_patrick.idle": {
    "category": "neutral",
    "sounds": [
      "sounds/mob/toon_patrick/idle"
    ]
  },
  "toon_bubblestick_shot": {
    "category": "neutral",
    "sounds": [
      "sounds/toon_bubblestick_shot"
    ]
  },
  "toon_jellyfishnet_shot": {
    "category": "neutral",
    "sounds": [
      "sounds/toon_jellyfishnet_shot"
    ]
  }
}