{
  "format_version": "1.10",
  "minecraft:item": {
    "description": {
      "identifier": "toon:kelp_soda",
      "category": "items"
    },
    "components": {
      "minecraft:hand_equipped": false,
      "minecraft:max_stack_size": 64,
      "minecraft:foil": false,
      "minecraft:stack_by_data": true,
      "minecraft:food": {
        "saturation_modifier": "good",
        "nutrition": 10,
        "can_always_eat": true,
        "effects": [
          {
            "name": "jump_boost",
            "chance": 5,
            "duration": 30,
            "amplifier": 1
          },
          {
            "name": "speed",
            "chance": 4,
            "duration": 30,
            "amplifier": 1
          },
          {
            "name": "water_breathing",
            "chance": 1,
            "duration": 30,
            "amplifier": 1
          }
        ]
      },
      "minecraft:use_duration": 32
    }
  }
}