{
  "format_version": "1.10",
  "minecraft:item": {
    "description": {
      "identifier": "toon:acorn",
      "category": "items"
    },
    "components": {
      "minecraft:hand_equipped": false,
      "minecraft:max_stack_size": 64,
      "minecraft:foil": false,
      "minecraft:stack_by_data": true,
      "minecraft:food": {
        "saturation_modifier": "high",
        "nutrition": 100,
        "can_always_eat": false,
        "effects": [
          {
            "name": "instant_health",
            "chance": 1,
            "duration": 30,
            "amplifier": 1
          }
        ]
      },
      "minecraft:use_duration": 30
    }
  }
}