{
  "format_version": "1.10",
  "minecraft:item": {
    "description": {
      "identifier": "toon:enchanted_jelly",
      "category": "items"
    },
    "components": {
      "minecraft:hand_equipped": false,
      "minecraft:max_stack_size": 64,
      "minecraft:foil": true,
      "minecraft:stack_by_data": true,
      "minecraft:food": {
        "saturation_modifier": "normal",
        "nutrition": 200,
        "can_always_eat": false,
        "effects": [
          {
            "name": "conduit_power",
            "chance": 1,
            "duration": 30,
            "amplifier": 1
          },
          {
            "name": "fire_resistance",
            "chance": 1,
            "duration": 30,
            "amplifier": 1
          },
          {
            "name": "health_boost",
            "chance": 1,
            "duration": 30,
            "amplifier": 1
          },
          {
            "name": "village_hero",
            "chance": 1,
            "duration": 30,
            "amplifier": 1
          },
          {
            "name": "instant_health",
            "chance": 1,
            "duration": 30,
            "amplifier": 1
          },
          {
            "name": "jump_boost",
            "chance": 1,
            "duration": 30,
            "amplifier": 1
          },
          {
            "name": "night_vision",
            "chance": 1,
            "duration": 30,
            "amplifier": 1
          },
          {
            "name": "regeneration",
            "chance": 1,
            "duration": 30,
            "amplifier": 1
          },
          {
            "name": "resistance",
            "chance": 1,
            "duration": 30,
            "amplifier": 1
          },
          {
            "name": "slow_falling",
            "chance": 1,
            "duration": 30,
            "amplifier": 1
          },
          {
            "name": "speed",
            "chance": 1,
            "duration": 30,
            "amplifier": 1
          },
          {
            "name": "water_breathing",
            "chance": 1,
            "duration": 30,
            "amplifier": 1
          }
        ]
      },
      "minecraft:use_duration": 32
    }
  }
}