{
  "format_version": "1.10",
  "minecraft:item": {
    "description": {
      "identifier": "toon:tripplegooberberrysunrise",
      "category": "items"
    },
    "components": {
      "minecraft:hand_equipped": false,
      "minecraft:max_stack_size": 64,
      "minecraft:foil": false,
      "minecraft:stack_by_data": true,
      "minecraft:food": {
        "saturation_modifier": "normal",
        "nutrition": 100,
        "can_always_eat": false,
        "effects": [
          {
            "name": "health_boost",
            "chance": 1,
            "duration": 50030,
            "amplifier": 1
          },
          {
            "name": "instant_health",
            "chance": 1,
            "duration": 50030,
            "amplifier": 1
          }
        ]
      },
      "minecraft:use_duration": 15
    }
  }
}