{
  "toon:tikistone": {
    "textures": "toon_tikistone",
    "sound": "stone"
  },
  "toon:block_pineapple": {
    "textures": "toon_block_pineapple",
    "sound": "grass"
  },
  "toon:coral_stone": {
    "textures": "toon_coral_stone",
    "sound": "stone"
  },
  "toon:coralgrass": {
    "textures": {
      "up": "toon_coralgrass_up",
      "down": "toon_coralgrass_down",
      "side": "toon_coralgrass_side"
    },
    "sound": "grass"
  },
  "toon:sand_grass": {
    "textures": {
      "up": "toon_sand_grass_up",
      "down": "toon_sand_grass_down",
      "side": "toon_sand_grass_side"
    },
    "sound": "sand"
  },
  "format_version": [
    1,
    1,
    0
  ]
}