{
  "entity_sounds": {
    "entities": {
      "toon:jellyair": {
        "volume": 1.0,
        "pitch": [
          0.8,
          1.2
        ],
        "events": {
          "hurt": {
            "sound": "mob.bee.hurt",
            "volume": 0.6,
            "pitch": [
              0.9,
              1.1
            ]
          },
          "death": {
            "sound": "mob.bee.death",
            "volume": 0.6,
            "pitch": [
              0.9,
              1.1
            ]
          },
          "attack": {
            "sound": "mob.bee.sting",
            "pitch": [
              0.8,
              1.0
            ]
          },
          "ambient.pollinate": {
            "sound": "mob.bee.pollinate",
            "volume": 0.85
          }
        }
      },
      "toon:jellyairblue": {
        "volume": 1.0,
        "pitch": [
          0.8,
          1.2
        ],
        "events": {
          "hurt": {
            "sound": "mob.bee.hurt",
            "volume": 0.6,
            "pitch": [
              0.9,
              1.1
            ]
          },
          "death": {
            "sound": "mob.bee.death",
            "volume": 0.6,
            "pitch": [
              0.9,
              1.1
            ]
          },
          "attack": {
            "sound": "mob.bee.sting",
            "pitch": [
              0.8,
              1.0
            ]
          },
          "ambient.pollinate": {
            "sound": "mob.bee.pollinate",
            "volume": 0.85
          }
        }
      },
      "toon:agresivejellyfish": {
        "volume": 1.0,
        "pitch": [
          0.8,
          1.2
        ],
        "events": {
          "hurt": {
            "sound": "mob.bee.hurt",
            "volume": 0.6,
            "pitch": [
              0.9,
              1.1
            ]
          },
          "death": {
            "sound": "mob.bee.death",
            "volume": 0.6,
            "pitch": [
              0.9,
              1.1
            ]
          },
          "attack": {
            "sound": "mob.bee.sting",
            "pitch": [
              0.8,
              1.0
            ]
          },
          "ambient.pollinate": {
            "sound": "mob.bee.pollinate",
            "volume": 0.85
          }
        }
      },
      "toon:sandy": {
        "volume": 1.0,
        "pitch": [
          0.8,
          1.2
        ],
        "events": {
          "ambient": "mob.toon_sandy.idle",
          "death": "mob.toon_sandy.death",
          "death.to.zombie": "mob.toon_sandy.death",
          "haggle": "mob.villager.haggle",
          "haggle.no": "mob.villager.no",
          "haggle.yes": "mob.villager.yes",
          "hurt": "mob.toon_sandy.hit"
        }
      },
      "toon:spongebob": {
        "volume": 1.0,
        "pitch": [
          0.8,
          1.2
        ],
        "events": {
          "ambient": "mob.toon_spongebob.idle",
          "death": "mob.toon_spongebob.death",
          "death.to.zombie": "mob.toon_spongebob.death",
          "haggle": "mob.toon_spongebob.haggle",
          "haggle.no": "mob.villager.no",
          "haggle.yes": "mob.toon_spongebob.yes",
          "hurt": "mob.toon_spongebob.hit"
        }
      },
      "toon:squidward": {
        "volume": 1.0,
        "pitch": [
          0.8,
          1.2
        ],
        "events": {
          "ambient": "mob.toon_squidward.idle",
          "death": "mob.toon_squidward.death",
          "death.to.zombie": "mob.toon_squidward.death",
          "haggle": "mob.toon_patrick.haggle",
          "haggle.no": "mob.villager.no",
          "haggle.yes": "mob.toon_patrick.yes",
          "hurt": "mob.toon_squidward.hit"
        }
      },
      "toon:patrick": {
        "volume": 1.0,
        "pitch": [
          0.8,
          1.2
        ],
        "events": {
          "ambient": "mob.toon_patrick.idle",
          "death": "mob.toon_patrick.death",
          "death.to.zombie": "mob.toon_patrick.death",
          "haggle": "mob.toon_patrick.haggle",
          "haggle.no": "mob.villager.no",
          "haggle.yes": "mob.toon_patrick.yes",
          "hurt": "mob.toon_patrick.hit"
        }
      }
    }
  }
}