{
  "format_version": "1.15.0",
  "minecraft:biome": {
    "description": {
      "identifier": "bikinibottom"
    },
    "components": {
      "minecraft:climate": {
        "downfall": 0.0,
        "snow_accumulation": [
          0.0,
          0.0
        ],
        "temperature": 2.0,
        "blue_spores": 0,
        "red_spores": 0,
        "white_ash": 0,
        "ash": 0
      },
      "minecraft:overworld_height": {
        "noise_type": "beach"
      },
      "animal": {},
      "monster": {},
      "overworld": {},
      "bikinibottom": {},
      "minecraft:surface_parameters": {
        "top_material": "minecraft:sand",
        "mid_material": "minecraft:sandstone",
        "foundation_material": "toon:coralstone",
        "sea_floor_material": "toon:algaeoncoral",
        "sea_material": "minecraft:water",
        "sea_floor_depth": 69
      },
      "minecraft:overworld_generation_rules": {
        "hills_transformation": "birch_forest",
        "river_transformation": "jungle_hills",
        "generate_for_climates": [
          [
            "cold",
            100
          ],
          [
            "medium",
            1000
          ],
          [
            "warm",
            1
          ],
          [
            "lukewarm",
            0
          ],
          [
            "frozen",
            0
          ]
        ],
        "mutate_transformation": "jungle_hills",
        "shore_transformation": "deep_warm_ocean"
      }
    }
  }
}