{
	"format_version": "1.12.0",
	"minecraft:geometry": [
		{
			"description": {
				"identifier": "geometry.toon_figuresquidward",
				"texture_width": 128,
				"texture_height": 64,
				"visible_bounds_width": 2,
				"visible_bounds_height": 5,
				"visible_bounds_offset": [0, 1.5, 0]
			},
			"bones": [
				{
					"name": "unknown_bone",
					"pivot": [0, 0, 0],
					"cubes": [
						{"origin": [-6, 0, -1], "size": [12, 1, 2], "uv": [6, 32]},
						{"origin": [-1, 0, -6], "size": [2, 1, 12], "uv": [0, 0]},
						{"origin": [-6, 1, -1], "size": [1, 1, 2], "uv": [0, 0]},
						{"origin": [5, 1, -1], "size": [1, 1, 2], "uv": [0, 0]},
						{"origin": [-1, 1, 5], "size": [2, 1, 1], "uv": [0, 0]},
						{"origin": [-1, 1, -6], "size": [2, 1, 1], "uv": [0, 0]},
						{"origin": [-1, 1, -1], "size": [2, 18, 2], "uv": [0, 0]},
						{"origin": [-1, 21, -1], "size": [2, 10, 2], "uv": [0, 0]},
						{"origin": [-2, 34, -1], "size": [4, 4, 2], "uv": [0, 0]},
						{"origin": [-1, 33, -4], "size": [2, 5, 3], "uv": [0, 0]},
						{"origin": [-7, 38, -2], "size": [14, 8, 7], "uv": [44, 49]},
						{"origin": [-7, 31, -1], "size": [14, 3, 2], "uv": [96, 0]},
						{"origin": [-2, 14, -2], "size": [4, 15, 4], "uv": [112, 45]},
						{"origin": [2, 13, -1], "size": [2, 12, 2], "uv": [0, 0]},
						{"origin": [2, 25, -1], "size": [3, 3, 2], "uv": [118, 52]},
						{"origin": [-5, 25, -1], "size": [3, 3, 2], "uv": [118, 53]},
						{"origin": [-4, 13, -1], "size": [2, 12, 2], "uv": [0, 48]},
						{"origin": [-4, 13, 1], "size": [2, 1, 2], "uv": [49, 0]},
						{"origin": [2, 13, 1], "size": [2, 1, 2], "uv": [57, 4]}
					]
				}
			]
		}
	]
}