{
	"format_version": "1.12.0",
	"minecraft:geometry": [
		{
			"description": {
				"identifier": "geometry.toon_mrkrabs",
				"texture_width": 128,
				"texture_height": 64,
				"visible_bounds_width": 4,
				"visible_bounds_height": 3.5,
				"visible_bounds_offset": [0, 1.25, 0]
			},
			"bones": [
				{
					"name": "unknown_bone",
					"pivot": [0, 0, 0],
					"cubes": [
						{"origin": [-8, 4, -5], "size": [15, 5, 10], "uv": [78, 1]},
						{"origin": [-8, 9, -5], "size": [15, 5, 10], "uv": [78, 49]},
						{"origin": [-11, 11, -1], "size": [3, 3, 3], "uv": [90, 52]},
						{"origin": [7, 11, -1], "size": [3, 3, 3], "uv": [90, 52]},
						{"origin": [12, 4, 0], "size": [5, 5, 1], "uv": [56, 60]},
						{"origin": [-18, 4, 0], "size": [5, 5, 1], "uv": [56, 60]},
						{"origin": [10, 12, 0], "size": [5, 1, 1], "uv": [35, 62]},
						{"origin": [-16, 12, 0], "size": [5, 1, 1], "uv": [35, 62]},
						{"origin": [14, 8, 0], "size": [1, 4, 1], "uv": [35, 62]},
						{"origin": [-16, 8, 0], "size": [1, 4, 1], "uv": [35, 62]},
						{"origin": [-7, 14, -5], "size": [13, 5, 10], "uv": [0, 49]},
						{"origin": [-1, 18, -9], "size": [1, 0, 4], "uv": [0, 49]},
						{"origin": [-5, 18, -1], "size": [3, 13, 2], "uv": [0, 0]},
						{"origin": [-5, 31, 1], "size": [3, 1, 0], "uv": [0, 55]},
						{"origin": [1, 31, 0], "size": [3, 1, 0], "uv": [0, 55]},
						{"origin": [1, 18, -1], "size": [3, 13, 2], "uv": [0, 0]},
						{"origin": [-6, 2, -2], "size": [3, 2, 3], "uv": [105, 3]},
						{"origin": [-5, 0, -1], "size": [1, 2, 1], "uv": [25, 61]},
						{"origin": [2, 0, -1], "size": [1, 2, 1], "uv": [25, 61]},
						{"origin": [1, 2, -2], "size": [3, 2, 3], "uv": [104, 4]}
					]
				}
			]
		}
	]
}