{
	"format_version": "1.12.0",
	"minecraft:geometry": [
		{
			"description": {
				"identifier": "geometry.toon_plankton",
				"texture_width": 128,
				"texture_height": 64,
				"visible_bounds_width": 2,
				"visible_bounds_height": 2.5,
				"visible_bounds_offset": [0, 0.75, 0]
			},
			"bones": [
				{
					"name": "unknown_bone",
					"pivot": [0, 0, 0],
					"cubes": [
						{"origin": [-2, 2, -1], "size": [5, 8, 3], "uv": [0, 0]},
						{"origin": [3, 2, 0], "size": [1, 3, 1], "uv": [0, 0]},
						{"origin": [1, 0, 0], "size": [1, 3, 1], "uv": [0, 0]},
						{"origin": [-1, 0, 0], "size": [1, 3, 1], "uv": [0, 0]},
						{"origin": [-1, 10, 0], "size": [1, 6, 1], "uv": [124, 0]},
						{"origin": [-2, 13, 0], "size": [1, 1, 1], "uv": [124, 0]},
						{"origin": [2, 13, 0], "size": [1, 1, 1], "uv": [124, 0]},
						{"origin": [2, 11, 0], "size": [1, 1, 1], "uv": [124, 0]},
						{"origin": [-2, 11, 0], "size": [1, 1, 1], "uv": [124, 0]},
						{"origin": [1, 10, 0], "size": [1, 6, 1], "uv": [124, 0]},
						{"origin": [-3, 2, 0], "size": [1, 3, 1], "uv": [0, 0]}
					]
				}
			]
		}
	]
}