{
	"format_version": "1.12.0",
	"minecraft:geometry": [
		{
			"description": {
				"identifier": "geometry.toon_robotspongebob",
				"texture_width": 128,
				"texture_height": 64,
				"visible_bounds_width": 3,
				"visible_bounds_height": 3.5,
				"visible_bounds_offset": [0, 1.25, 0]
			},
			"bones": [
				{
					"name": "unknown_bone",
					"pivot": [0, 0, 0],
					"cubes": [
						{"origin": [-7, 10, -1], "size": [14, 3, 5], "uv": [0, 56]},
						{"origin": [-7, 13, -1], "size": [14, 1, 5], "uv": [0, 0]},
						{"origin": [-7, 14, -1], "size": [14, 15, 5], "uv": [90, 44]},
						{"origin": [-1, 29, 1], "size": [2, 3, 1], "uv": [68, 24]},
						{"origin": [-4, 32, -2], "size": [8, 1, 7], "uv": [68, 24]},
						{"origin": [-4, 33, -2], "size": [8, 6, 7], "uv": [60, 11]},
						{"origin": [-3, 33, -1], "size": [6, 4, 5], "uv": [26, 19]},
						{"origin": [7, 15, 1], "size": [5, 1, 1], "uv": [67, 60]},
						{"origin": [1, 21, -5], "size": [4, 4, 3], "uv": [48, 0]},
						{"origin": [2, 22, -2], "size": [2, 2, 3], "uv": [16, 36]},
						{"origin": [-4, 22, -2], "size": [2, 2, 3], "uv": [20, 34]},
						{"origin": [-5, 21, -5], "size": [4, 4, 3], "uv": [48, 0]},
						{"origin": [-12, 15, 1], "size": [5, 1, 1], "uv": [46, 38]},
						{"origin": [10, 10, 1], "size": [1, 5, 1], "uv": [124, 15]},
						{"origin": [10, 7, 0], "size": [1, 3, 3], "uv": [124, 15]},
						{"origin": [-11, 7, 0], "size": [1, 3, 3], "uv": [124, 15]},
						{"origin": [0, 20, -4], "size": [0, 1, 4], "uv": [93, 0]},
						{"origin": [-11, 10, 1], "size": [1, 5, 1], "uv": [124, 15]},
						{"origin": [-3, 9, 1], "size": [1, 1, 1], "uv": [115, 49]},
						{"origin": [2, 9, 1], "size": [1, 1, 1], "uv": [115, 49]},
						{"origin": [-3, 2, 1], "size": [1, 5, 1], "uv": [55, 58]},
						{"origin": [2, 2, 1], "size": [1, 5, 1], "uv": [55, 58]},
						{"origin": [-3, 7, 1], "size": [1, 2, 1], "uv": [124, 29]},
						{"origin": [2, 7, 1], "size": [1, 2, 1], "uv": [124, 29]},
						{"origin": [-4, 0, -2], "size": [3, 2, 5], "uv": [7, 36]},
						{"origin": [1, 0, -2], "size": [3, 2, 5], "uv": [7, 36]}
					]
				}
			]
		}
	]
}