{
	"format_version": "1.12.0",
	"minecraft:geometry": [
		{
			"description": {
				"identifier": "geometry.toon_mrspuff",
				"texture_width": 128,
				"texture_height": 64,
				"visible_bounds_width": 2,
				"visible_bounds_height": 3.5,
				"visible_bounds_offset": [0, 1.25, 0]
			},
			"bones": [
				{
					"name": "unknown_bone",
					"pivot": [0, 0, 0],
					"cubes": [
						{"origin": [-3, 0, -2], "size": [1, 1, 3], "uv": [10, 23]},
						{"origin": [2, 0, -2], "size": [1, 1, 3], "uv": [0, 26]},
						{"origin": [-3, 1, 0], "size": [1, 5, 1], "uv": [0, 0]},
						{"origin": [2, 1, 0], "size": [1, 5, 1], "uv": [0, 0]},
						{"origin": [-6, 6, -3], "size": [12, 2, 7], "uv": [96, 0]},
						{"origin": [-6, 8, -3], "size": [12, 2, 7], "uv": [0, 0]},
						{"origin": [-6, 10, -3], "size": [12, 7, 7], "uv": [90, 50]},
						{"origin": [-2, 14, -4], "size": [4, 3, 1], "uv": [107, 36]},
						{"origin": [-5, 17, -3], "size": [10, 6, 7], "uv": [0, 51]},
						{"origin": [-5, 23, -3], "size": [10, 1, 7], "uv": [44, 53]},
						{"origin": [-1, 24, -1], "size": [2, 2, 2], "uv": [54, 30]},
						{"origin": [-5, 18, 4], "size": [10, 5, 1], "uv": [49, 58]},
						{"origin": [5, 19, 1], "size": [1, 5, 2], "uv": [42, 57]},
						{"origin": [5, 18, 0], "size": [1, 2, 2], "uv": [42, 57]},
						{"origin": [-6, 18, 0], "size": [1, 2, 2], "uv": [42, 57]},
						{"origin": [-6, 19, 1], "size": [1, 5, 2], "uv": [44, 57]},
						{"origin": [6, 7, -1], "size": [1, 6, 3], "uv": [49, 8]},
						{"origin": [-7, 7, -1], "size": [1, 6, 3], "uv": [49, 8]},
						{"origin": [4, 12, 4], "size": [0, 1, 1], "uv": [8, 45]},
						{"origin": [-4, 12, 4], "size": [0, 1, 1], "uv": [8, 45]},
						{"origin": [-4, 15, 4], "size": [0, 1, 1], "uv": [8, 45]},
						{"origin": [4, 15, 4], "size": [0, 1, 1], "uv": [8, 45]}
					]
				}
			]
		}
	]
}