{
	"format_version": "1.12.0",
	"minecraft:geometry": [
		{
			"description": {
				"identifier": "geometry.toon_karatespongebob",
				"texture_width": 128,
				"texture_height": 64,
				"visible_bounds_width": 3,
				"visible_bounds_height": 3.5,
				"visible_bounds_offset": [0, 1.25, 0]
			},
			"bones": [
				{
					"name": "unknown_bone",
					"pivot": [0, 0, 0],
					"cubes": [
						{"origin": [-7, 10, -1], "size": [14, 3, 5], "uv": [0, 56]},
						{"origin": [-7, 13, -1], "size": [14, 1, 5], "uv": [0, 0]},
						{"origin": [-7, 14, -1], "size": [14, 15, 5], "uv": [90, 44]},
						{"origin": [-11, 21, -2], "size": [4, 12, 7], "uv": [40, 32]},
						{"origin": [-7, 28, -2], "size": [14, 5, 7], "uv": [40, 32]},
						{"origin": [7, 21, -2], "size": [4, 12, 7], "uv": [40, 32]},
						{"origin": [-7, 21, 4], "size": [14, 12, 1], "uv": [40, 39]},
						{"origin": [7, 13, 0], "size": [3, 3, 3], "uv": [48, 0]},
						{"origin": [21, 11, 0], "size": [8, 7, 3], "uv": [44, 41]},
						{"origin": [22, 18, 0], "size": [2, 3, 3], "uv": [46, 41]},
						{"origin": [10, 14, 1], "size": [11, 1, 1], "uv": [104, 16]},
						{"origin": [-10, 13, 0], "size": [3, 3, 3], "uv": [48, 0]},
						{"origin": [-9, 14, -8], "size": [1, 1, 8], "uv": [110, 8]},
						{"origin": [-9, 14, -14], "size": [1, 1, 6], "uv": [113, 11]},
						{"origin": [-9, 15, -14], "size": [1, 7, 1], "uv": [116, 10]},
						{"origin": [-9, 22, -17], "size": [3, 8, 7], "uv": [46, 39]},
						{"origin": [-9, 23, -10], "size": [3, 2, 3], "uv": [46, 39]},
						{"origin": [-1, 20, -4], "size": [2, 1, 4], "uv": [93, 0]},
						{"origin": [-4, 9, 0], "size": [3, 1, 3], "uv": [116, 0]},
						{"origin": [1, 9, 0], "size": [3, 1, 3], "uv": [116, 0]},
						{"origin": [-3, 2, 1], "size": [1, 5, 1], "uv": [55, 58]},
						{"origin": [2, 2, 1], "size": [1, 5, 1], "uv": [55, 58]},
						{"origin": [-3, 7, 1], "size": [1, 2, 1], "uv": [124, 29]},
						{"origin": [2, 7, 1], "size": [1, 2, 1], "uv": [124, 29]},
						{"origin": [-4, 0, -2], "size": [3, 2, 5], "uv": [7, 36]},
						{"origin": [1, 0, -2], "size": [3, 2, 5], "uv": [7, 36]}
					]
				}
			]
		}
	]
}