{
	"format_version": "1.12.0",
	"minecraft:geometry": [
		{
			"description": {
				"identifier": "geometry.toon_pearl",
				"texture_width": 128,
				"texture_height": 64,
				"visible_bounds_width": 3,
				"visible_bounds_height": 3.5,
				"visible_bounds_offset": [0, 1.25, 0]
			},
			"bones": [
				{
					"name": "unknown_bone",
					"pivot": [0, 0, 0],
					"cubes": [
						{"origin": [1, 0, -3], "size": [2, 2, 4], "uv": [61, 58]},
						{"origin": [-3, 0, -3], "size": [2, 2, 4], "uv": [61, 58]},
						{"origin": [1, 2, -1], "size": [2, 1, 2], "uv": [56, 61]},
						{"origin": [-3, 2, -1], "size": [2, 1, 2], "uv": [56, 61]},
						{"origin": [-3, 3, -1], "size": [2, 10, 2], "uv": [0, 0]},
						{"origin": [-4, 10, -2], "size": [8, 12, 4], "uv": [39, 22]},
						{"origin": [4, 16, -1], "size": [3, 3, 3], "uv": [49, 0]},
						{"origin": [-7, 16, -1], "size": [3, 3, 3], "uv": [49, 0]},
						{"origin": [-5, 22, -11], "size": [10, 10, 13], "uv": [0, 41]},
						{"origin": [-5, 32, -2], "size": [10, 1, 4], "uv": [100, 0]},
						{"origin": [-2, 32, 0], "size": [4, 4, 4], "uv": [112, 0]},
						{"origin": [-2, 34, 2], "size": [4, 4, 4], "uv": [112, 0]},
						{"origin": [-2, 30, 5], "size": [4, 4, 2], "uv": [116, 0]},
						{"origin": [-5, 29, 2], "size": [10, 4, 1], "uv": [106, 0]},
						{"origin": [1, 3, -1], "size": [2, 10, 2], "uv": [0, 0]},
						{"origin": [5, 11, 0], "size": [1, 5, 1], "uv": [42, 0]},
						{"origin": [-6, 11, 0], "size": [1, 5, 1], "uv": [42, 0]}
					]
				}
			]
		}
	]
}