{
	"format_version": "1.12.0",
	"minecraft:geometry": [
		{
			"description": {
				"identifier": "geometry.toon_bubble_stick",
				"texture_width": 128,
				"texture_height": 64,
				"visible_bounds_width": 2,
				"visible_bounds_height": 1.5,
				"visible_bounds_offset": [0, 0.25, 0]
			},
			"bones": [
				{
					"name": "unknown_bone",
					"pivot": [0, 0, 0],
					"cubes": [
						{"origin": [-3, 0, 0], "size": [11, 1, 1], "uv": [0, 0]},
						{"origin": [-4, 0, -1], "size": [1, 1, 3], "uv": [0, 0]},
						{"origin": [-8, 0, -1], "size": [1, 1, 3], "uv": [0, 0]},
						{"origin": [-7, 0, 2], "size": [3, 1, 1], "uv": [0, 0]},
						{"origin": [-7, 0, -2], "size": [3, 1, 1], "uv": [0, 0]}
					]
				}
			]
		}
	]
}