{
	"format_version": "1.12.0",
	"minecraft:geometry": [
		{
			"description": {
				"identifier": "geometry.toon_wormy",
				"texture_width": 128,
				"texture_height": 64,
				"visible_bounds_width": 2,
				"visible_bounds_height": 2.5,
				"visible_bounds_offset": [0, 0.75, 0]
			},
			"bones": [
				{
					"name": "unknown_bone",
					"pivot": [0, 0, 0],
					"cubes": [
						{"origin": [-1, 0, -4], "size": [3, 3, 9], "uv": [0, 0]},
						{"origin": [-1, 3, -4], "size": [3, 6, 3], "uv": [0, 0]},
						{"origin": [-1, 9, -5], "size": [3, 3, 4], "uv": [0, 57]}
					]
				}
			]
		}
	]
}