{
	"format_version": "1.12.0",
	"minecraft:geometry": [
		{
			"description": {
				"identifier": "geometry.toon_patrick",
				"texture_width": 128,
				"texture_height": 64,
				"visible_bounds_width": 3,
				"visible_bounds_height": 3.5,
				"visible_bounds_offset": [0, 1.25, 0]
			},
			"bones": [
				{
					"name": "unknown_bone",
					"pivot": [0, 0, 0],
					"cubes": [
						{"origin": [2, 0, -1], "size": [2, 3, 2], "uv": [120, 0]},
						{"origin": [-4, 0, -1], "size": [2, 3, 2], "uv": [120, 0]},
						{"origin": [1, 2, -2], "size": [4, 3, 4], "uv": [42, 0]},
						{"origin": [-5, 2, -2], "size": [4, 3, 4], "uv": [42, 0]},
						{"origin": [-7, 3, -4], "size": [14, 5, 8], "uv": [0, 0]},
						{"origin": [-7, 8, -4], "size": [14, 7, 8], "uv": [32, 49]},
						{"origin": [-5, 15, -4], "size": [10, 13, 8], "uv": [92, 7]},
						{"origin": [-4, 28, -3], "size": [8, 6, 6], "uv": [96, 50]},
						{"origin": [6, 4, -1], "size": [3, 12, 3], "pivot": [9, 9, 0], "rotation": [0, 0, -5], "uv": [0, 49]},
						{"origin": [-9, 4, -1], "size": [3, 12, 3], "pivot": [-9, 9, 0], "rotation": [0, 0, 5], "uv": [0, 49], "mirror": true}
					]
				},
				{
					"name": "unknown_bone",
					"pivot": [0, 0, 0]
				}
			]
		}
	]
}