{
	"format_version": "1.12.0",
	"minecraft:geometry": [
		{
			"description": {
				"identifier": "geometry.toon_sandy",
				"texture_width": 64,
				"texture_height": 32,
				"visible_bounds_width": 3,
				"visible_bounds_height": 3.5,
				"visible_bounds_offset": [0, 1.25, 0]
			},
			"bones": [
				{
					"name": "unknown_bone",
					"pivot": [0, 0, 0],
					"cubes": [
						{"origin": [-3, 0, -3], "size": [2, 2, 4], "uv": [27, 0]},
						{"origin": [0, 0, -3], "size": [2, 2, 4], "uv": [27, 0]},
						{"origin": [0, 2, -1], "size": [2, 10, 2], "uv": [56, 20]},
						{"origin": [-3, 2, -1], "size": [2, 10, 2], "uv": [56, 20]},
						{"origin": [3, 10, -1], "size": [2, 9, 2], "uv": [39, 0]},
						{"origin": [-6, 10, -1], "size": [2, 9, 2], "uv": [39, 0]},
						{"origin": [-4, 11, -2], "size": [7, 9, 5], "uv": [0, 19]},
						{"origin": [-5, 20, -4], "size": [9, 9, 9], "uv": [0, 0]},
						{"origin": [-1, 19, 0], "size": [1, 2, 1], "uv": [0, 0]},
						{"origin": [-4, 21, -2], "size": [7, 3, 4], "uv": [44, 8]},
						{"origin": [-3, 24, -1], "size": [5, 3, 3], "uv": [48, 0]},
						{"origin": [-4, 27, 0], "size": [1, 1, 1], "uv": [58, 3]},
						{"origin": [2, 27, 0], "size": [1, 1, 1], "uv": [58, 3]},
						{"origin": [-5, 28, -4], "size": [2, 2, 0], "uv": [5, 7]},
						{"origin": [-1, 12, 3], "size": [1, 3, 1], "uv": [0, 0]},
						{"origin": [-1, 14, 3], "size": [1, 3, 3], "uv": [56, 15]}
					]
				}
			]
		}
	]
}