{
	"format_version": "1.12.0",
	"minecraft:geometry": [
		{
			"description": {
				"identifier": "geometry.toon_karen",
				"texture_width": 128,
				"texture_height": 64,
				"visible_bounds_width": 3,
				"visible_bounds_height": 4,
				"visible_bounds_offset": [0, 1, 0]
			},
			"bones": [
				{
					"name": "unknown_bone",
					"pivot": [0, 0, 0],
					"cubes": [
						{"origin": [-5, 0, -5], "size": [10, 4, 10], "uv": [0, 0]},
						{"origin": [-5, 23, -5], "size": [10, 10, 10], "uv": [88, 43]},
						{"origin": [-6, 0, -6], "size": [1, 2, 2], "uv": [0, 0]},
						{"origin": [5, 0, -6], "size": [1, 2, 2], "uv": [0, 0]},
						{"origin": [5, 0, -6], "size": [1, 2, 2], "uv": [0, 0]},
						{"origin": [5, 0, 4], "size": [1, 2, 2], "uv": [0, 0]},
						{"origin": [-6, 0, 4], "size": [1, 2, 2], "uv": [0, 0]},
						{"origin": [-1, 1, -1], "size": [2, 22, 2], "uv": [120, 25]}
					]
				}
			]
		}
	]
}