{
	"format_version": "1.12.0",
	"minecraft:geometry": [
		{
			"description": {
				"identifier": "geometry.toon_gary",
				"texture_width": 128,
				"texture_height": 64,
				"visible_bounds_width": 2,
				"visible_bounds_height": 2.5,
				"visible_bounds_offset": [0, 0.75, 0]
			},
			"bones": [
				{
					"name": "unknown_bone",
					"pivot": [0, 0, 0],
					"cubes": [
						{"origin": [-1, 0, -6], "size": [3, 1, 12], "uv": [1, 40]},
						{"origin": [-1, 2, -3], "size": [3, 8, 8], "uv": [54, 0]},
						{"origin": [-1, 1, -6], "size": [3, 1, 12], "uv": [1, 0]},
						{"origin": [-1, 2, -6], "size": [3, 2, 2], "uv": [0, 0]},
						{"origin": [1, 4, -5], "size": [1, 2, 1], "uv": [124, 61]},
						{"origin": [-1, 4, -5], "size": [1, 2, 1], "uv": [124, 61]},
						{"origin": [1, 6, -6], "size": [2, 2, 2], "uv": [120, 0]},
						{"origin": [-2, 6, -6], "size": [2, 2, 2], "uv": [120, 32]}
					]
				}
			]
		}
	]
}