{
	"format_version": "1.12.0",
	"minecraft:geometry": [
		{
			"description": {
				"identifier": "geometry.toon_agresivejellyfish",
				"texture_width": 64,
				"texture_height": 32,
				"visible_bounds_width": 2,
				"visible_bounds_height": 2.5,
				"visible_bounds_offset": [0, 0.75, 0]
			},
			"bones": [
				{
					"name": "unknown_bone",
					"pivot": [0, 0, 0],
					"cubes": [
						{"origin": [-4, 6, -3], "size": [7, 7, 7], "uv": [0, 0]},
						{"origin": [-3, 5, -2], "size": [5, 1, 5], "uv": [44, 21]},
						{"origin": [-3, 0, 2], "size": [1, 5, 1], "uv": [0, 26]},
						{"origin": [1, 0, 2], "size": [1, 5, 1], "uv": [0, 26]},
						{"origin": [1, 0, -2], "size": [1, 5, 1], "uv": [0, 26]},
						{"origin": [-3, 0, -2], "size": [1, 5, 1], "uv": [0, 26]}
					]
				}
			]
		}
	]
}