{
  "tiers": [
    {
      "trades": [
        {
          "wants": [
            {
              "item": "toon:spatula",
              "quantity": 10
            }
          ],
          "gives": [
            {
              "item": "toon:block_pineapple",
              "quantity": 64
            }
          ]
        },
        {
          "wants": [
            {
              "item": "toon:goldenspatula",
              "quantity": 20
            }
          ],
          "gives": [
            {
              "item": "toon:tikistone",
              "quantity": 64
            }
          ]
        },
        {
          "wants": [
            {
              "item": "toon:krabbypatty",
              "quantity": 20
            }
          ],
          "gives": [
            {
              "item": "minecraft:bucket",
              "quantity": 1
            }
          ]
        },
        {
          "wants": [
            {
              "item": "toon:cent",
              "quantity": 64
            }
          ],
          "gives": [
            {
              "item": "minecraft:diamond",
              "quantity": 1
            }
          ]
        },
        {
          "wants": [
            {
              "item": "toon:net",
              "quantity": 20
            }
          ],
          "gives": [
            {
              "item": "toon:jelly",
              "quantity": 32
            }
          ]
        }
      ]
    }
  ]
}