{
  "tiers": [
    {
      "trades": [
        {
          "wants": [
            {
              "item": "toon:enchanted_jelly",
              "quantity": 1
            }
          ],
          "gives": [
            {
              "item": "minecraft:end_portal_frame",
              "quantity": 64
            }
          ]
        },
        {
          "wants": [
            {
              "item": "toon:krabbypatty",
              "quantity": 20
            }
          ],
          "gives": [
            {
              "item": "minecraft:flint_and_steel",
              "quantity": 1
            }
          ]
        },
        {
          "wants": [
            {
              "item": "toon:sandwhich",
              "quantity": 10
            }
          ],
          "gives": [
            {
              "item": "minecraft:obsidian",
              "quantity": 64
            }
          ]
        },
        {
          "wants": [
            {
              "item": "toon:net",
              "quantity": 1
            }
          ],
          "gives": [
            {
              "item": "minecraft:ender_eye",
              "quantity": 1
            }
          ]
        },
        {
          "wants": [
            {
              "item": "toon:jellypatty",
              "quantity": 1
            }
          ],
          "gives": [
            {
              "item": "toon:block_pineapple",
              "quantity": 64
            }
          ]
        },
        {
          "wants": [
            {
              "item": "toon:krabbypatty",
              "quantity": 1
            }
          ],
          "gives": [
            {
              "item": "toon:tikistone",
              "quantity": 1
            }
          ]
        },
        {
          "wants": [
            {
              "item": "minecraft:cookie",
              "quantity": 20
            }
          ],
          "gives": [
            {
              "item": "toon:money",
              "quantity": 1
            }
          ]
        }
      ]
    }
  ]
}