{
  "tiers": [
    {
      "trades": [
        {
          "wants": [
            {
              "item": "toon:money",
              "quantity": 49
            }
          ],
          "gives": [
            {
              "item": "toon:kelp_fries",
              "quantity": 1
            }
          ]
        },
        {
          "wants": [
            {
              "item": "toon:money",
              "quantity": 42
            }
          ],
          "gives": [
            {
              "item": "toon:kelp_soda",
              "quantity": 1
            }
          ]
        },
        {
          "wants": [
            {
              "item": "toon:money",
              "quantity": 51
            }
          ],
          "gives": [
            {
              "item": "toon:krabbypatty",
              "quantity": 1
            }
          ]
        },
        {
          "wants": [
            {
              "item": "toon:money",
              "quantity": 64
            }
          ],
          "gives": [
            {
              "item": "toon:jellypatty",
              "quantity": 1
            }
          ]
        },
        {
          "wants": [
            {
              "item": "toon:cent",
              "quantity": 5
            }
          ],
          "gives": [
            {
              "item": "toon:jellyfish",
              "quantity": 1
            }
          ]
        },
        {
          "wants": [
            {
              "item": "toon:cent",
              "quantity": 1
            }
          ],
          "gives": [
            {
              "item": "toon:spongebob_item",
              "quantity": 1
            }
          ]
        },
        {
          "wants": [
            {
              "item": "minecraft:emerald",
              "quantity": 20
            }
          ],
          "gives": [
            {
              "item": "toon:krabbypattythrow",
              "quantity": 3
            }
          ]
        },
        {
          "wants": [
            {
              "item": "minecraft:diamond",
              "quantity": 64
            }
          ],
          "gives": [
            {
              "item": "minecraft:appleenchanted",
              "quantity": 5
            }
          ]
        }
      ]
    }
  ]
}